879.6173157302044,878.6173157302044,877.6173157302044,876.6173157302044,875.6173157302044,874.6173157302044,873.6173157302044,872.6173157302044,871.6173157302044,870.6173157302044,869.6173157302044,868.6173157302044,867.6173157302044,866.6173157302044,865.6173157302044,864.6173157302044,863.6173157302044,862.6173157302044,861.6173157302044,860.6173157302044,859.6173157302044,858.6173157302044,857.6173157302044,856.6173157302044,855.6173157302044,854.6173157302044,853.6173157302044,852.6173157302044,851.6173157302044,850.6173157302044,849.6173157302044,848.6173157302044,847.6173157302044,846.6173157302044,845.6173157302044,844.6173157302044,843.6173157302044,842.6173157302044,841.6173157302044,840.6173157302044,839.6173157302044,838.6173157302044,837.6173157302044,836.6173157302044,835.6173157302044,834.6173157302044,833.6173157302044
880.0315292925775,879.0315292925775,878.0315292925775,877.0315292925775,876.0315292925775,875.0315292925775,874.0315292925775,873.0315292925775,872.0315292925775,871.0315292925775,870.0315292925775,869.0315292925775,868.0315292925775,867.0315292925775,866.0315292925775,865.0315292925775,864.0315292925775,863.0315292925775,862.0315292925775,861.0315292925775,860.0315292925775,859.0315292925775,858.0315292925775,857.0315292925775,856.0315292925775,855.0315292925775,854.0315292925775,853.0315292925775,852.0315292925775,851.0315292925775,850.0315292925775,849.0315292925775,848.0315292925775,847.0315292925775,846.0315292925775,845.0315292925775,844.0315292925775,843.0315292925775,842.0315292925775,841.0315292925775,840.0315292925775,839.0315292925775,838.0315292925775,837.0315292925775,836.0315292925775,835.0315292925775,834.0315292925775
880.4457428549506,879.4457428549506,878.4457428549506,877.4457428549506,876.4457428549506,875.4457428549506,874.4457428549506,873.4457428549506,872.4457428549506,871.4457428549506,870.4457428549506,869.4457428549506,868.4457428549506,867.4457428549506,866.4457428549506,865.4457428549506,864.4457428549506,863.4457428549506,862.4457428549506,861.4457428549506,860.4457428549506,859.4457428549506,858.4457428549506,857.4457428549506,856.4457428549506,855.4457428549506,854.4457428549506,853.4457428549506,852.4457428549506,851.4457428549506,850.4457428549506,849.4457428549506,848.4457428549506,847.4457428549506,846.4457428549506,845.4457428549506,844.4457428549506,843.4457428549506,842.4457428549506,841.4457428549506,840.4457428549506,839.4457428549506,838.4457428549506,837.4457428549506,836.4457428549506,835.4457428549506,834.4457428549506
880.8599564173237,879.8599564173237,878.8599564173237,877.8599564173237,876.8599564173237,875.8599564173237,874.8599564173237,873.8599564173237,872.8599564173237,871.8599564173237,870.8599564173237,869.8599564173237,868.8599564173237,867.8599564173237,866.8599564173237,865.8599564173237,864.8599564173237,863.8599564173237,862.8599564173237,861.8599564173237,860.8599564173237,859.8599564173237,858.8599564173237,857.8599564173237,856.8599564173237,855.8599564173237,854.8599564173237,853.8599564173237,852.8599564173237,851.8599564173237,850.8599564173237,849.8599564173237,848.8599564173237,847.8599564173237,846.8599564173237,845.8599564173237,844.8599564173237,843.8599564173237,842.8599564173237,841.8599564173237,840.8599564173237,839.8599564173237,838.8599564173237,837.8599564173237,836.8599564173237,835.8599564173237,834.8599564173237
881.2741699796968,880.2741699796968,879.2741699796968,878.2741699796968,877.2741699796968,876.2741699796968,875.2741699796968,874.2741699796968,873.2741699796968,872.2741699796968,871.2741699796968,870.2741699796968,869.2741699796968,868.2741699796968,867.2741699796968,866.2741699796968,865.2741699796968,864.2741699796968,863.2741699796968,862.2741699796968,861.2741699796968,860.2741699796968,859.2741699796968,858.2741699796968,857.2741699796968,856.2741699796968,855.2741699796968,854.2741699796968,853.2741699796968,852.2741699796968,851.2741699796968,850.2741699796968,849.2741699796968,848.2741699796968,847.2741699796968,846.2741699796968,845.2741699796968,844.2741699796968,843.2741699796968,842.2741699796968,841.2741699796968,840.2741699796968,839.2741699796968,838.2741699796968,837.2741699796968,836.2741699796968,835.2741699796968
881.6883835420699,880.6883835420699,879.6883835420699,878.6883835420699,877.6883835420699,876.6883835420699,875.6883835420699,874.6883835420699,873.6883835420699,872.6883835420699,871.6883835420699,870.6883835420699,869.6883835420699,868.6883835420699,867.6883835420699,866.6883835420699,865.6883835420699,864.6883835420699,863.6883835420699,862.6883835420699,861.6883835420699,860.6883835420699,859.6883835420699,858.6883835420699,857.6883835420699,856.6883835420699,855.6883835420699,854.6883835420699,853.6883835420699,852.6883835420699,851.6883835420699,850.6883835420699,849.6883835420699,848.6883835420699,847.6883835420699,846.6883835420699,845.6883835420699,844.6883835420699,843.6883835420699,842.6883835420699,841.6883835420699,840.6883835420699,839.6883835420699,838.6883835420699,837.6883835420699,836.6883835420699,835.6883835420699
882.102597104443,881.102597104443,880.102597104443,879.102597104443,878.102597104443,877.102597104443,876.102597104443,875.102597104443,874.102597104443,873.102597104443,872.102597104443,871.102597104443,870.102597104443,869.102597104443,868.102597104443,867.102597104443,866.102597104443,865.102597104443,864.102597104443,863.102597104443,862.102597104443,861.102597104443,860.102597104443,859.102597104443,858.102597104443,857.102597104443,856.102597104443,855.102597104443,854.102597104443,853.102597104443,852.102597104443,851.102597104443,850.102597104443,849.102597104443,848.102597104443,847.102597104443,846.102597104443,845.102597104443,844.102597104443,843.102597104443,842.102597104443,841.102597104443,840.102597104443,839.102597104443,838.102597104443,837.102597104443,836.102597104443
882.5168106668161,881.5168106668161,880.5168106668161,879.5168106668161,878.5168106668161,877.5168106668161,876.5168106668161,875.5168106668161,874.5168106668161,873.5168106668161,872.5168106668161,871.5168106668161,870.5168106668161,869.5168106668161,868.5168106668161,867.5168106668161,866.5168106668161,865.5168106668161,864.5168106668161,863.5168106668161,862.5168106668161,861.5168106668161,860.5168106668161,859.5168106668161,858.5168106668161,857.5168106668161,856.5168106668161,855.5168106668161,854.5168106668161,853.5168106668161,852.5168106668161,851.5168106668161,850.5168106668161,849.5168106668161,848.5168106668161,847.5168106668161,846.5168106668161,845.5168106668161,844.5168106668161,843.5168106668161,842.5168106668161,841.5168106668161,840.5168106668161,839.5168106668161,838.5168106668161,837.5168106668161,837.102597104443
882.9310242291892,881.9310242291892,880.9310242291892,879.9310242291892,878.9310242291892,877.9310242291892,876.9310242291892,875.9310242291892,874.9310242291892,873.9310242291892,872.9310242291892,871.9310242291892,870.9310242291892,869.9310242291892,868.9310242291892,867.9310242291892,866.9310242291892,865.9310242291892,864.9310242291892,863.9310242291892,862.9310242291892,861.9310242291892,860.9310242291892,859.9310242291892,858.9310242291892,857.9310242291892,856.9310242291892,855.9310242291892,854.9310242291892,853.9310242291892,852.9310242291892,851.9310242291892,850.9310242291892,849.9310242291892,848.9310242291892,847.9310242291892,846.9310242291892,845.9310242291892,844.9310242291892,843.9310242291892,842.9310242291892,841.9310242291892,840.9310242291892,839.9310242291892,838.9310242291892,838.5168106668161,838.102597104443
883.3452377915623,882.3452377915623,881.3452377915623,880.3452377915623,879.3452377915623,878.3452377915623,877.3452377915623,876.3452377915623,875.3452377915623,874.3452377915623,873.3452377915623,872.3452377915623,871.3452377915623,870.3452377915623,869.3452377915623,868.3452377915623,867.3452377915623,866.3452377915623,865.3452377915623,864.3452377915623,863.3452377915623,862.3452377915623,861.3452377915623,860.3452377915623,859.3452377915623,858.3452377915623,857.3452377915623,856.3452377915623,855.3452377915623,854.3452377915623,853.3452377915623,852.3452377915623,851.3452377915623,850.3452377915623,849.3452377915623,848.3452377915623,847.3452377915623,846.3452377915623,845.3452377915623,844.3452377915623,843.3452377915623,842.3452377915623,841.3452377915623,840.3452377915623,839.9310242291892,839.5168106668161,inf
883.7594513539354,882.7594513539354,881.7594513539354,880.7594513539354,879.7594513539354,878.7594513539354,877.7594513539354,876.7594513539354,875.7594513539354,874.7594513539354,873.7594513539354,872.7594513539354,871.7594513539354,870.7594513539354,869.7594513539354,868.7594513539354,867.7594513539354,866.7594513539354,865.7594513539354,864.7594513539354,863.7594513539354,862.7594513539354,861.7594513539354,860.7594513539354,859.7594513539354,858.7594513539354,857.7594513539354,856.7594513539354,855.7594513539354,854.7594513539354,853.7594513539354,852.7594513539354,851.7594513539354,850.7594513539354,849.7594513539354,848.7594513539354,847.7594513539354,846.7594513539354,845.7594513539354,844.7594513539354,843.7594513539354,842.7594513539354,841.7594513539354,841.3452377915623,840.9310242291892,840.5168106668161,inf
884.1736649163086,883.1736649163086,882.1736649163086,881.1736649163086,880.1736649163086,879.1736649163086,878.1736649163086,877.1736649163086,876.1736649163086,875.1736649163086,874.1736649163086,873.1736649163086,872.1736649163086,871.1736649163086,870.1736649163086,869.1736649163086,868.1736649163086,867.1736649163086,866.1736649163086,865.1736649163086,864.1736649163086,863.1736649163086,862.1736649163086,861.1736649163086,860.1736649163086,859.1736649163086,858.1736649163086,857.1736649163086,856.1736649163086,855.1736649163086,854.1736649163086,853.1736649163086,852.1736649163086,851.1736649163086,850.1736649163086,849.1736649163086,848.1736649163086,847.1736649163086,846.1736649163086,845.1736649163086,844.1736649163086,843.1736649163086,842.7594513539354,842.3452377915623,841.9310242291892,inf,inf
884.5878784786817,883.5878784786817,882.5878784786817,881.5878784786817,880.5878784786817,879.5878784786817,878.5878784786817,877.5878784786817,876.5878784786817,875.5878784786817,874.5878784786817,873.5878784786817,872.5878784786817,871.5878784786817,870.5878784786817,869.5878784786817,868.5878784786817,867.5878784786817,866.5878784786817,865.5878784786817,864.5878784786817,863.5878784786817,862.5878784786817,861.5878784786817,860.5878784786817,859.5878784786817,858.5878784786817,857.5878784786817,856.5878784786817,855.5878784786817,854.5878784786817,853.5878784786817,852.5878784786817,851.5878784786817,850.5878784786817,849.5878784786817,848.5878784786817,847.5878784786817,846.5878784786817,845.5878784786817,844.5878784786817,844.1736649163086,843.7594513539354,843.3452377915623,842.9310242291892,inf,inf
885.0020920410548,884.0020920410548,883.0020920410548,882.0020920410548,881.0020920410548,880.0020920410548,879.0020920410548,878.0020920410548,877.0020920410548,876.0020920410548,875.0020920410548,874.0020920410548,873.0020920410548,872.0020920410548,871.0020920410548,870.0020920410548,869.0020920410548,868.0020920410548,867.0020920410548,866.0020920410548,865.0020920410548,864.0020920410548,863.0020920410548,862.0020920410548,861.0020920410548,860.0020920410548,859.0020920410548,858.0020920410548,857.0020920410548,856.0020920410548,855.0020920410548,854.0020920410548,853.0020920410548,852.0020920410548,851.0020920410548,850.0020920410548,849.0020920410548,848.0020920410548,847.0020920410548,846.0020920410548,845.5878784786817,845.1736649163086,844.7594513539354,844.3452377915623,inf,inf,inf
885.4163056034279,884.4163056034279,883.4163056034279,882.4163056034279,881.4163056034279,880.4163056034279,879.4163056034279,878.4163056034279,877.4163056034279,876.4163056034279,875.4163056034279,874.4163056034279,873.4163056034279,872.4163056034279,871.4163056034279,870.4163056034279,869.4163056034279,868.4163056034279,867.4163056034279,866.4163056034279,865.4163056034279,864.4163056034279,863.4163056034279,862.4163056034279,861.4163056034279,860.4163056034279,859.4163056034279,858.4163056034279,857.4163056034279,856.4163056034279,855.4163056034279,854.4163056034279,853.4163056034279,852.4163056034279,851.4163056034279,850.4163056034279,849.4163056034279,848.4163056034279,847.4163056034279,847.0020920410548,846.5878784786817,846.1736649163086,845.7594513539354,845.3452377915623,inf,inf,inf
885.830519165801,884.830519165801,883.830519165801,882.830519165801,881.830519165801,880.830519165801,879.830519165801,878.830519165801,877.830519165801,876.830519165801,875.830519165801,874.830519165801,873.830519165801,872.830519165801,871.830519165801,870.830519165801,869.830519165801,868.830519165801,867.830519165801,866.830519165801,865.830519165801,864.830519165801,863.830519165801,862.830519165801,861.830519165801,860.830519165801,859.830519165801,858.830519165801,857.830519165801,856.830519165801,855.830519165801,854.830519165801,853.830519165801,852.830519165801,851.830519165801,850.830519165801,849.830519165801,848.830519165801,848.4163056034279,848.0020920410548,847.5878784786817,847.1736649163086,846.7594513539354,inf,inf,inf,inf
886.2447327281741,885.2447327281741,884.2447327281741,883.2447327281741,882.2447327281741,881.2447327281741,880.2447327281741,879.2447327281741,878.2447327281741,877.2447327281741,876.2447327281741,875.2447327281741,874.2447327281741,873.2447327281741,872.2447327281741,871.2447327281741,870.2447327281741,869.2447327281741,868.2447327281741,867.2447327281741,866.2447327281741,865.2447327281741,864.2447327281741,863.2447327281741,862.2447327281741,861.2447327281741,860.2447327281741,859.2447327281741,858.2447327281741,857.2447327281741,856.2447327281741,855.2447327281741,854.2447327281741,853.2447327281741,852.2447327281741,851.2447327281741,850.2447327281741,849.830519165801,849.4163056034279,849.0020920410548,848.5878784786817,848.1736649163086,847.7594513539354,inf,inf,inf,inf
886.6589462905472,885.6589462905472,884.6589462905472,883.6589462905472,882.6589462905472,881.6589462905472,880.6589462905472,879.6589462905472,878.6589462905472,877.6589462905472,876.6589462905472,875.6589462905472,874.6589462905472,873.6589462905472,872.6589462905472,871.6589462905472,870.6589462905472,869.6589462905472,868.6589462905472,867.6589462905472,866.6589462905472,865.6589462905472,864.6589462905472,863.6589462905472,862.6589462905472,861.6589462905472,860.6589462905472,859.6589462905472,858.6589462905472,857.6589462905472,856.6589462905472,855.6589462905472,854.6589462905472,853.6589462905472,852.6589462905472,851.6589462905472,851.2447327281741,850.830519165801,850.4163056034279,850.0020920410548,849.5878784786817,849.1736649163086,inf,inf,inf,inf,inf
887.0731598529203,886.0731598529203,885.0731598529203,884.0731598529203,883.0731598529203,882.0731598529203,881.0731598529203,880.0731598529203,879.0731598529203,878.0731598529203,877.0731598529203,876.0731598529203,875.0731598529203,874.0731598529203,873.0731598529203,872.0731598529203,871.0731598529203,870.0731598529203,869.0731598529203,868.0731598529203,867.0731598529203,866.0731598529203,865.0731598529203,864.0731598529203,863.0731598529203,862.0731598529203,861.0731598529203,860.0731598529203,859.0731598529203,858.0731598529203,857.0731598529203,856.0731598529203,855.0731598529203,854.0731598529203,853.0731598529203,852.6589462905472,852.2447327281741,851.830519165801,851.4163056034279,851.0020920410548,850.5878784786817,850.1736649163086,inf,inf,inf,inf,inf
887.4873734152934,886.4873734152934,885.4873734152934,884.4873734152934,883.4873734152934,882.4873734152934,881.4873734152934,880.4873734152934,879.4873734152934,878.4873734152934,877.4873734152934,876.4873734152934,875.4873734152934,874.4873734152934,873.4873734152934,872.4873734152934,871.4873734152934,870.4873734152934,869.4873734152934,868.4873734152934,867.4873734152934,866.4873734152934,865.4873734152934,864.4873734152934,863.4873734152934,862.4873734152934,861.4873734152934,860.4873734152934,859.4873734152934,858.4873734152934,857.4873734152934,856.4873734152934,855.4873734152934,854.4873734152934,854.0731598529203,853.6589462905472,853.2447327281741,852.830519165801,852.4163056034279,852.0020920410548,851.5878784786817,inf,inf,inf,inf,inf,inf
887.9015869776665,886.9015869776665,885.9015869776665,884.9015869776665,883.9015869776665,882.9015869776665,881.9015869776665,880.9015869776665,879.9015869776665,878.9015869776665,877.9015869776665,876.9015869776665,875.9015869776665,874.9015869776665,873.9015869776665,872.9015869776665,871.9015869776665,870.9015869776665,869.9015869776665,868.9015869776665,867.9015869776665,866.9015869776665,865.9015869776665,864.9015869776665,863.9015869776665,862.9015869776665,861.9015869776665,860.9015869776665,859.9015869776665,858.9015869776665,857.9015869776665,856.9015869776665,855.9015869776665,855.4873734152934,855.0731598529203,854.6589462905472,854.2447327281741,853.830519165801,853.4163056034279,853.0020920410548,852.5878784786817,inf,inf,inf,inf,inf,inf
888.3158005400396,887.3158005400396,886.3158005400396,885.3158005400396,884.3158005400396,883.3158005400396,882.3158005400396,881.3158005400396,880.3158005400396,879.3158005400396,878.3158005400396,877.3158005400396,876.3158005400396,875.3158005400396,874.3158005400396,873.3158005400396,872.3158005400396,871.3158005400396,870.3158005400396,869.3158005400396,868.3158005400396,867.3158005400396,866.3158005400396,865.3158005400396,864.3158005400396,863.3158005400396,862.3158005400396,861.3158005400396,860.3158005400396,859.3158005400396,858.3158005400396,857.3158005400396,856.9015869776665,856.4873734152934,856.0731598529203,855.6589462905472,855.2447327281741,854.830519165801,854.4163056034279,854.0020920410548,inf,inf,inf,inf,inf,inf,inf
888.7300141024127,887.7300141024127,886.7300141024127,885.7300141024127,884.7300141024127,883.7300141024127,882.7300141024127,881.7300141024127,880.7300141024127,879.7300141024127,878.7300141024127,877.7300141024127,876.7300141024127,875.7300141024127,874.7300141024127,873.7300141024127,872.7300141024127,871.7300141024127,870.7300141024127,869.7300141024127,868.7300141024127,867.7300141024127,866.7300141024127,865.7300141024127,864.7300141024127,863.7300141024127,862.7300141024127,861.7300141024127,860.7300141024127,859.7300141024127,858.7300141024127,858.3158005400396,857.9015869776665,857.4873734152934,857.0731598529203,856.6589462905472,856.2447327281741,855.830519165801,855.4163056034279,855.0020920410548,inf,inf,inf,inf,inf,inf,inf
889.1442276647858,888.1442276647858,887.1442276647858,886.1442276647858,885.1442276647858,884.1442276647858,883.1442276647858,882.1442276647858,881.1442276647858,880.1442276647858,879.1442276647858,878.1442276647858,877.1442276647858,876.1442276647858,875.1442276647858,874.1442276647858,873.1442276647858,872.1442276647858,871.1442276647858,870.1442276647858,869.1442276647858,868.1442276647858,867.1442276647858,866.1442276647858,865.1442276647858,864.1442276647858,863.1442276647858,862.1442276647858,861.1442276647858,860.1442276647858,859.7300141024127,859.3158005400396,858.9015869776665,858.4873734152934,858.0731598529203,857.6589462905472,857.2447327281741,856.830519165801,856.4163056034279,inf,inf,inf,inf,inf,inf,inf,inf
889.5584412271589,888.5584412271589,887.5584412271589,886.5584412271589,885.5584412271589,884.5584412271589,883.5584412271589,882.5584412271589,881.5584412271589,880.5584412271589,879.5584412271589,878.5584412271589,877.5584412271589,876.5584412271589,875.5584412271589,874.5584412271589,873.5584412271589,872.5584412271589,871.5584412271589,870.5584412271589,869.5584412271589,868.5584412271589,867.5584412271589,866.5584412271589,865.5584412271589,864.5584412271589,863.5584412271589,862.5584412271589,861.5584412271589,861.1442276647858,860.7300141024127,860.3158005400396,859.9015869776665,859.4873734152934,859.0731598529203,858.6589462905472,858.2447327281741,857.830519165801,inf,inf,inf,inf,inf,inf,inf,inf,inf
889.972654789532,888.972654789532,887.972654789532,886.972654789532,885.972654789532,884.972654789532,883.972654789532,882.972654789532,881.972654789532,880.972654789532,879.972654789532,878.972654789532,877.972654789532,876.972654789532,875.972654789532,874.972654789532,873.972654789532,872.972654789532,871.972654789532,870.972654789532,869.972654789532,868.972654789532,867.972654789532,866.972654789532,865.972654789532,864.972654789532,863.972654789532,862.972654789532,862.5584412271589,862.1442276647858,861.7300141024127,861.3158005400396,860.9015869776665,860.4873734152934,860.0731598529203,859.6589462905472,859.2447327281741,858.830519165801,inf,inf,inf,inf,inf,inf,inf,inf,inf
890.3868683519052,889.3868683519052,888.3868683519052,887.3868683519052,886.3868683519052,885.3868683519052,884.3868683519052,883.3868683519052,882.3868683519052,881.3868683519052,880.3868683519052,879.3868683519052,878.3868683519052,877.3868683519052,876.3868683519052,875.3868683519052,874.3868683519052,873.3868683519052,872.3868683519052,871.3868683519052,870.3868683519052,869.3868683519052,868.3868683519052,867.3868683519052,866.3868683519052,865.3868683519052,864.3868683519052,863.972654789532,863.5584412271589,863.1442276647858,862.7300141024127,862.3158005400396,861.9015869776665,861.4873734152934,861.0731598529203,860.6589462905472,860.2447327281741,inf,inf,inf,inf,inf,inf,inf,inf,inf,inf
890.8010819142783,889.8010819142783,888.8010819142783,887.8010819142783,886.8010819142783,885.8010819142783,884.8010819142783,883.8010819142783,882.8010819142783,881.8010819142783,880.8010819142783,879.8010819142783,878.8010819142783,877.8010819142783,876.8010819142783,875.8010819142783,874.8010819142783,873.8010819142783,872.8010819142783,871.8010819142783,870.8010819142783,869.8010819142783,868.8010819142783,867.8010819142783,866.8010819142783,865.8010819142783,865.3868683519052,864.972654789532,864.5584412271589,864.1442276647858,863.7300141024127,863.3158005400396,862.9015869776665,862.4873734152934,862.0731598529203,861.6589462905472,861.2447327281741,inf,inf,inf,inf,inf,inf,inf,inf,inf,inf
891.2152954766514,890.2152954766514,889.2152954766514,888.2152954766514,887.2152954766514,886.2152954766514,885.2152954766514,884.2152954766514,883.2152954766514,882.2152954766514,881.2152954766514,880.2152954766514,879.2152954766514,878.2152954766514,877.2152954766514,876.2152954766514,875.2152954766514,874.2152954766514,873.2152954766514,872.2152954766514,871.2152954766514,870.2152954766514,869.2152954766514,868.2152954766514,867.2152954766514,866.8010819142783,866.3868683519052,865.972654789532,865.5584412271589,865.1442276647858,864.7300141024127,864.3158005400396,863.9015869776665,863.4873734152934,863.0731598529203,862.6589462905472,inf,inf,inf,inf,inf,inf,inf,inf,inf,inf,inf
891.6295090390245,890.6295090390245,889.6295090390245,888.6295090390245,887.6295090390245,886.6295090390245,885.6295090390245,884.6295090390245,883.6295090390245,882.6295090390245,881.6295090390245,880.6295090390245,879.6295090390245,878.6295090390245,877.6295090390245,876.6295090390245,875.6295090390245,874.6295090390245,873.6295090390245,872.6295090390245,871.6295090390245,870.6295090390245,869.6295090390245,868.6295090390245,868.2152954766514,867.8010819142783,867.3868683519052,866.972654789532,866.5584412271589,866.1442276647858,865.7300141024127,865.3158005400396,864.9015869776665,864.4873734152934,864.0731598529203,863.6589462905472,inf,inf,inf,inf,inf,inf,inf,inf,inf,inf,inf
892.0437226013976,891.0437226013976,890.0437226013976,889.0437226013976,888.0437226013976,887.0437226013976,886.0437226013976,885.0437226013976,884.0437226013976,883.0437226013976,882.0437226013976,881.0437226013976,880.0437226013976,879.0437226013976,878.0437226013976,877.0437226013976,876.0437226013976,875.0437226013976,874.0437226013976,873.0437226013976,872.0437226013976,871.0437226013976,870.0437226013976,869.6295090390245,869.2152954766514,868.8010819142783,868.3868683519052,867.972654789532,867.5584412271589,867.1442276647858,866.7300141024127,866.3158005400396,865.9015869776665,865.4873734152934,865.0731598529203,inf,inf,inf,inf,inf,inf,inf,inf,inf,inf,inf,inf
892.4579361637707,891.4579361637707,890.4579361637707,889.4579361637707,888.4579361637707,887.4579361637707,886.4579361637707,885.4579361637707,884.4579361637707,883.4579361637707,882.4579361637707,881.4579361637707,880.4579361637707,879.4579361637707,878.4579361637707,877.4579361637707,876.4579361637707,875.4579361637707,874.4579361637707,873.4579361637707,872.4579361637707,871.4579361637707,871.0437226013976,870.6295090390245,870.2152954766514,869.8010819142783,869.3868683519052,868.972654789532,868.5584412271589,868.1442276647858,867.7300141024127,867.3158005400396,866.9015869776665,866.4873734152934,866.0731598529203,inf,inf,inf,inf,inf,inf,inf,inf,inf,inf,inf,inf
892.8721497261438,891.8721497261438,890.8721497261438,889.8721497261438,888.8721497261438,887.8721497261438,886.8721497261438,885.8721497261438,884.8721497261438,883.8721497261438,882.8721497261438,881.8721497261438,880.8721497261438,879.8721497261438,878.8721497261438,877.8721497261438,876.8721497261438,875.8721497261438,874.8721497261438,873.8721497261438,872.8721497261438,872.4579361637707,872.0437226013976,871.6295090390245,871.2152954766514,870.8010819142783,870.3868683519052,869.972654789532,869.5584412271589,869.1442276647858,868.7300141024127,868.3158005400396,867.9015869776665,867.4873734152934,inf,inf,inf,inf,inf,inf,inf,inf,inf,inf,inf,inf,inf
893.2863632885169,892.2863632885169,891.2863632885169,890.2863632885169,889.2863632885169,888.2863632885169,887.2863632885169,886.2863632885169,885.2863632885169,884.2863632885169,883.2863632885169,882.2863632885169,881.2863632885169,880.2863632885169,879.2863632885169,878.2863632885169,877.2863632885169,876.2863632885169,875.2863632885169,874.2863632885169,873.8721497261438,873.4579361637707,873.0437226013976,872.6295090390245,872.2152954766514,871.8010819142783,871.3868683519052,870.972654789532,870.5584412271589,870.1442276647858,869.7300141024127,869.3158005400396,868.9015869776665,868.4873734152934,inf,inf,inf,inf,inf,inf,inf,inf,inf,inf,inf,inf,inf
893.70057685089,892.70057685089,891.70057685089,890.70057685089,889.70057685089,888.70057685089,887.70057685089,886.70057685089,885.70057685089,884.70057685089,883.70057685089,882.70057685089,881.70057685089,880.70057685089,879.70057685089,878.70057685089,877.70057685089,876.70057685089,875.70057685089,875.2863632885169,874.8721497261438,874.4579361637707,874.0437226013976,873.6295090390245,873.2152954766514,872.8010819142783,872.3868683519052,871.972654789532,871.5584412271589,871.1442276647858,870.7300141024127,870.3158005400396,869.9015869776665,inf,inf,inf,inf,inf,inf,inf,inf,inf,inf,inf,inf,inf,inf
894.1147904132631,893.1147904132631,892.1147904132631,891.1147904132631,890.1147904132631,889.1147904132631,888.1147904132631,887.1147904132631,886.1147904132631,885.1147904132631,884.1147904132631,883.1147904132631,882.1147904132631,881.1147904132631,880.1147904132631,879.1147904132631,878.1147904132631,877.1147904132631,876.70057685089,876.2863632885169,875.8721497261438,875.4579361637707,875.0437226013976,874.6295090390245,874.2152954766514,873.8010819142783,873.3868683519052,872.972654789532,872.5584412271589,872.1442276647858,871.7300141024127,871.3158005400396,870.9015869776665,inf,inf,inf,inf,inf,inf,inf,inf,inf,inf,inf,inf,inf,inf
894.5290039756362,893.5290039756362,892.5290039756362,891.5290039756362,890.5290039756362,889.5290039756362,888.5290039756362,887.5290039756362,886.5290039756362,885.5290039756362,884.5290039756362,883.5290039756362,882.5290039756362,881.5290039756362,880.5290039756362,879.5290039756362,878.5290039756362,878.1147904132631,877.70057685089,877.2863632885169,876.8721497261438,876.4579361637707,876.0437226013976,875.6295090390245,875.2152954766514,874.8010819142783,874.3868683519052,873.972654789532,873.5584412271589,873.1442276647858,872.7300141024127,872.3158005400396,inf,inf,inf,inf,inf,inf,inf,inf,inf,inf,inf,inf,inf,inf,inf
894.9432175380093,893.9432175380093,892.9432175380093,891.9432175380093,890.9432175380093,889.9432175380093,888.9432175380093,887.9432175380093,886.9432175380093,885.9432175380093,884.9432175380093,883.9432175380093,882.9432175380093,881.9432175380093,880.9432175380093,879.9432175380093,879.5290039756362,879.1147904132631,878.70057685089,878.2863632885169,877.8721497261438,877.4579361637707,877.0437226013976,876.6295090390245,876.2152954766514,875.8010819142783,875.3868683519052,874.972654789532,874.5584412271589,874.1442276647858,873.7300141024127,873.3158005400396,inf,inf,inf,inf,inf,inf,inf,inf,inf,inf,inf,inf,inf,inf,inf
895.3574311003824,894.3574311003824,893.3574311003824,892.3574311003824,891.3574311003824,890.3574311003824,889.3574311003824,888.3574311003824,887.3574311003824,886.3574311003824,885.3574311003824,884.3574311003824,883.3574311003824,882.3574311003824,881.3574311003824,880.9432175380093,880.5290039756362,880.1147904132631,879.70057685089,879.2863632885169,878.8721497261438,878.4579361637707,878.0437226013976,877.6295090390245,877.2152954766514,876.8010819142783,876.3868683519052,875.972654789532,875.5584412271589,875.1442276647858,874.7300141024127,inf,inf,inf,inf,inf,inf,inf,inf,inf,inf,inf,inf,inf,inf,inf,inf
895.7716446627555,894.7716446627555,893.7716446627555,892.7716446627555,891.7716446627555,890.7716446627555,889.7716446627555,888.7716446627555,887.7716446627555,886.7716446627555,885.7716446627555,884.7716446627555,883.7716446627555,882.7716446627555,882.3574311003824,881.9432175380093,881.5290039756362,881.1147904132631,880.70057685089,880.2863632885169,879.8721497261438,879.4579361637707,879.0437226013976,878.6295090390245,878.2152954766514,877.8010819142783,877.3868683519052,876.972654789532,876.5584412271589,876.1442276647858,875.7300141024127,inf,inf,inf,inf,inf,inf,inf,inf,inf,inf,inf,inf,inf,inf,inf,inf
896.1858582251286,895.1858582251286,894.1858582251286,893.1858582251286,892.1858582251286,891.1858582251286,890.1858582251286,889.1858582251286,888.1858582251286,887.1858582251286,886.1858582251286,885.1858582251286,884.1858582251286,883.7716446627555,883.3574311003824,882.9432175380093,882.5290039756362,882.1147904132631,881.70057685089,881.2863632885169,880.8721497261438,880.4579361637707,880.0437226013976,879.6295090390245,879.2152954766514,878.8010819142783,878.3868683519052,877.972654789532,877.5584412271589,877.1442276647858,inf,inf,inf,inf,inf,inf,inf,inf,inf,inf,inf,inf,inf,inf,inf,inf,inf
896.6000717875017,895.6000717875017,894.6000717875017,893.6000717875017,892.6000717875017,891.6000717875017,890.6000717875017,889.6000717875017,888.6000717875017,887.6000717875017,886.6000717875017,885.6000717875017,885.1858582251286,884.7716446627555,884.3574311003824,883.9432175380093,883.5290039756362,883.1147904132631,882.70057685089,882.2863632885169,881.8721497261438,881.4579361637707,881.0437226013976,880.6295090390245,880.2152954766514,879.8010819142783,879.3868683519052,878.972654789532,878.5584412271589,878.1442276647858,inf,inf,inf,inf,inf,inf,inf,inf,inf,inf,inf,inf,inf,inf,inf,inf,inf
897.0142853498749,896.0142853498749,895.0142853498749,894.0142853498749,893.0142853498749,892.0142853498749,891.0142853498749,890.0142853498749,889.0142853498749,888.0142853498749,887.0142853498749,886.6000717875017,886.1858582251286,885.7716446627555,885.3574311003824,884.9432175380093,884.5290039756362,884.1147904132631,883.70057685089,883.2863632885169,882.8721497261438,882.4579361637707,882.0437226013976,881.6295090390245,881.2152954766514,880.8010819142783,880.3868683519052,879.972654789532,879.5584412271589,inf,inf,inf,inf,inf,inf,inf,inf,inf,inf,inf,inf,inf,inf,inf,inf,inf,inf
897.428498912248,896.428498912248,895.428498912248,894.428498912248,893.428498912248,892.428498912248,891.428498912248,890.428498912248,889.428498912248,888.428498912248,888.0142853498749,887.6000717875017,887.1858582251286,886.7716446627555,886.3574311003824,885.9432175380093,885.5290039756362,885.1147904132631,884.70057685089,884.2863632885169,883.8721497261438,883.4579361637707,883.0437226013976,882.6295090390245,882.2152954766514,881.8010819142783,881.3868683519052,880.972654789532,880.5584412271589,inf,inf,inf,inf,inf,inf,inf,inf,inf,inf,inf,inf,inf,inf,inf,inf,inf,inf
897.8427124746211,896.8427124746211,895.8427124746211,894.8427124746211,893.8427124746211,892.8427124746211,891.8427124746211,890.8427124746211,889.8427124746211,889.428498912248,889.0142853498749,888.6000717875017,888.1858582251286,887.7716446627555,887.3574311003824,886.9432175380093,886.5290039756362,886.1147904132631,885.70057685089,885.2863632885169,884.8721497261438,884.4579361637707,884.0437226013976,883.6295090390245,883.2152954766514,882.8010819142783,882.3868683519052,881.972654789532,inf,inf,inf,inf,inf,inf,inf,inf,inf,inf,inf,inf,inf,inf,inf,inf,inf,inf,inf
898.2569260369942,897.2569260369942,896.2569260369942,895.2569260369942,894.2569260369942,893.2569260369942,892.2569260369942,891.2569260369942,890.8427124746211,890.428498912248,890.0142853498749,889.6000717875017,889.1858582251286,888.7716446627555,888.3574311003824,887.9432175380093,887.5290039756362,887.1147904132631,886.70057685089,886.2863632885169,885.8721497261438,885.4579361637707,885.0437226013976,884.6295090390245,884.2152954766514,883.8010819142783,883.3868683519052,882.972654789532,inf,inf,inf,inf,inf,inf,inf,inf,inf,inf,inf,inf,inf,inf,inf,inf,inf,inf,inf
898.6711395993673,897.6711395993673,896.6711395993673,895.6711395993673,894.6711395993673,893.6711395993673,892.6711395993673,892.2569260369942,891.8427124746211,891.428498912248,891.0142853498749,890.6000717875017,890.1858582251286,889.7716446627555,889.3574311003824,888.9432175380093,888.5290039756362,888.1147904132631,887.70057685089,887.2863632885169,886.8721497261438,886.4579361637707,886.0437226013976,885.6295090390245,885.2152954766514,884.8010819142783,884.3868683519052,inf,inf,inf,inf,inf,inf,inf,inf,inf,inf,inf,inf,inf,inf,inf,inf,inf,inf,inf,inf
899.0853531617404,898.0853531617404,897.0853531617404,896.0853531617404,895.0853531617404,894.0853531617404,893.6711395993673,893.2569260369942,892.8427124746211,892.428498912248,892.0142853498749,891.6000717875017,891.1858582251286,890.7716446627555,890.3574311003824,889.9432175380093,889.5290039756362,889.1147904132631,888.70057685089,888.2863632885169,887.8721497261438,887.4579361637707,887.0437226013976,886.6295090390245,886.2152954766514,885.8010819142783,885.3868683519052,inf,inf,inf,inf,inf,inf,inf,inf,inf,inf,inf,inf,inf,inf,inf,inf,inf,inf,inf,inf
899.4995667241135,898.4995667241135,897.4995667241135,896.4995667241135,895.4995667241135,895.0853531617404,894.6711395993673,894.2569260369942,893.8427124746211,893.428498912248,893.0142853498749,892.6000717875017,892.1858582251286,891.7716446627555,891.3574311003824,890.9432175380093,890.5290039756362,890.1147904132631,889.70057685089,889.2863632885169,888.8721497261438,888.4579361637707,888.0437226013976,887.6295090390245,887.2152954766514,886.8010819142783,inf,inf,inf,inf,inf,inf,inf,inf,inf,inf,inf,inf,inf,inf,inf,inf,inf,inf,inf,inf,inf
899.9137802864866,898.9137802864866,897.9137802864866,896.9137802864866,896.4995667241135,896.0853531617404,895.6711395993673,895.2569260369942,894.8427124746211,894.428498912248,894.0142853498749,893.6000717875017,893.1858582251286,892.7716446627555,892.3574311003824,891.9432175380093,891.5290039756362,891.1147904132631,890.70057685089,890.2863632885169,889.8721497261438,889.4579361637707,889.0437226013976,888.6295090390245,888.2152954766514,887.8010819142783,inf,inf,inf,inf,inf,inf,inf,inf,inf,inf,inf,inf,inf,inf,inf,inf,inf,inf,inf,inf,inf
900.3279938488597,899.3279938488597,898.3279938488597,897.9137802864866,897.4995667241135,897.0853531617404,896.6711395993673,896.2569260369942,895.8427124746211,895.428498912248,895.0142853498749,894.6000717875017,894.1858582251286,893.7716446627555,893.3574311003824,892.9432175380093,892.5290039756362,892.1147904132631,891.70057685089,891.2863632885169,890.8721497261438,890.4579361637707,890.0437226013976,889.6295090390245,889.2152954766514,inf,inf,inf,inf,inf,inf,inf,inf,inf,inf,inf,inf,inf,inf,inf,inf,inf,inf,inf,inf,inf,inf
900.7422074112328,899.7422074112328,899.3279938488597,898.9137802864866,898.4995667241135,898.0853531617404,897.6711395993673,897.2569260369942,896.8427124746211,896.428498912248,896.0142853498749,895.6000717875017,895.1858582251286,894.7716446627555,894.3574311003824,893.9432175380093,893.5290039756362,893.1147904132631,892.70057685089,892.2863632885169,891.8721497261438,891.4579361637707,891.0437226013976,890.6295090390245,890.2152954766514,inf,inf,inf,inf,inf,inf,inf,inf,inf,inf,inf,inf,inf,inf,inf,inf,inf,inf,inf,inf,inf,inf
901.1564209736059,900.7422074112328,900.3279938488597,899.9137802864866,899.4995667241135,899.0853531617404,898.6711395993673,898.2569260369942,897.8427124746211,897.428498912248,897.0142853498749,896.6000717875017,896.1858582251286,895.7716446627555,895.3574311003824,894.9432175380093,894.5290039756362,894.1147904132631,893.70057685089,893.2863632885169,892.8721497261438,892.4579361637707,892.0437226013976,891.6295090390245,inf,inf,inf,inf,inf,inf,inf,inf,inf,inf,inf,inf,inf,inf,inf,inf,inf,inf,inf,inf,inf,inf,inf
902.1564209736059,901.7422074112328,901.3279938488597,900.9137802864866,900.4995667241135,900.0853531617404,899.6711395993673,899.2569260369942,898.8427124746211,898.428498912248,898.0142853498749,897.6000717875017,897.1858582251286,896.7716446627555,896.3574311003824,895.9432175380093,895.5290039756362,895.1147904132631,894.70057685089,894.2863632885169,893.8721497261438,893.4579361637707,893.0437226013976,inf,inf,inf,inf,inf,inf,inf,inf,inf,inf,inf,inf,inf,inf,inf,inf,inf,inf,inf,inf,inf,inf,inf,inf
903.1564209736059,902.7422074112328,902.3279938488597,901.9137802864866,901.4995667241135,901.0853531617404,900.6711395993673,900.2569260369942,899.8427124746211,899.428498912248,899.0142853498749,898.6000717875017,898.1858582251286,897.7716446627555,897.3574311003824,896.9432175380093,896.5290039756362,896.1147904132631,895.70057685089,895.2863632885169,894.8721497261438,894.4579361637707,894.0437226013976,inf,inf,inf,inf,inf,inf,inf,inf,inf,inf,inf,inf,inf,inf,inf,inf,inf,inf,inf,inf,inf,inf,inf,inf
904.1564209736059,903.7422074112328,903.3279938488597,902.9137802864866,902.4995667241135,902.0853531617404,901.6711395993673,901.2569260369942,900.8427124746211,900.428498912248,900.0142853498749,899.6000717875017,899.1858582251286,898.7716446627555,898.3574311003824,897.9432175380093,897.5290039756362,897.1147904132631,896.70057685089,896.2863632885169,895.8721497261438,895.4579361637707,inf,inf,inf,inf,inf,inf,inf,inf,inf,inf,inf,inf,inf,inf,inf,inf,inf,inf,inf,inf,inf,inf,inf,inf,inf
905.1564209736059,904.7422074112328,904.3279938488597,903.9137802864866,903.4995667241135,903.0853531617404,902.6711395993673,902.2569260369942,901.8427124746211,901.428498912248,901.0142853498749,900.6000717875017,900.1858582251286,899.7716446627555,899.3574311003824,898.9432175380093,898.5290039756362,898.1147904132631,897.70057685089,897.2863632885169,896.8721497261438,896.4579361637707,inf,inf,inf,inf,inf,inf,inf,inf,inf,inf,inf,inf,inf,inf,inf,inf,inf,inf,inf,inf,inf,inf,inf,inf,inf
906.1564209736059,905.7422074112328,905.3279938488597,904.9137802864866,904.4995667241135,904.0853531617404,903.6711395993673,903.2569260369942,902.8427124746211,902.428498912248,902.0142853498749,901.6000717875017,901.1858582251286,900.7716446627555,900.3574311003824,899.9432175380093,899.5290039756362,899.1147904132631,898.70057685089,898.2863632885169,897.8721497261438,inf,inf,inf,inf,inf,inf,inf,inf,inf,inf,inf,inf,inf,inf,inf,inf,inf,inf,inf,inf,inf,inf,inf,inf,inf,inf
907.1564209736059,906.7422074112328,906.3279938488597,905.9137802864866,905.4995667241135,905.0853531617404,904.6711395993673,904.2569260369942,903.8427124746211,903.428498912248,903.0142853498749,902.6000717875017,902.1858582251286,901.7716446627555,901.3574311003824,900.9432175380093,900.5290039756362,900.1147904132631,899.70057685089,899.2863632885169,898.8721497261438,inf,inf,inf,inf,inf,inf,inf,inf,inf,inf,inf,inf,inf,inf,inf,inf,inf,inf,inf,inf,inf,inf,inf,inf,inf,inf
908.1564209736059,907.7422074112328,907.3279938488597,906.9137802864866,906.4995667241135,906.0853531617404,905.6711395993673,905.2569260369942,904.8427124746211,904.428498912248,904.0142853498749,903.6000717875017,903.1858582251286,902.7716446627555,902.3574311003824,901.9432175380093,901.5290039756362,901.1147904132631,900.70057685089,900.2863632885169,inf,inf,inf,inf,inf,inf,inf,inf,inf,inf,inf,inf,inf,inf,inf,inf,inf,inf,inf,inf,inf,inf,inf,inf,inf,inf,inf
909.1564209736059,908.7422074112328,908.3279938488597,907.9137802864866,907.4995667241135,907.0853531617404,906.6711395993673,906.2569260369942,905.8427124746211,905.428498912248,905.0142853498749,904.6000717875017,904.1858582251286,903.7716446627555,903.3574311003824,902.9432175380093,902.5290039756362,902.1147904132631,901.70057685089,901.2863632885169,inf,inf,inf,inf,inf,inf,inf,inf,inf,inf,inf,inf,inf,inf,inf,inf,inf,inf,inf,inf,inf,inf,inf,inf,inf,inf,inf
910.1564209736059,909.7422074112328,909.3279938488597,908.9137802864866,908.4995667241135,908.0853531617404,907.6711395993673,907.2569260369942,906.8427124746211,906.428498912248,906.0142853498749,905.6000717875017,905.1858582251286,904.7716446627555,904.3574311003824,903.9432175380093,903.5290039756362,903.1147904132631,902.70057685089,inf,inf,inf,inf,inf,inf,inf,inf,inf,inf,inf,inf,inf,inf,inf,inf,inf,inf,inf,inf,inf,inf,inf,inf,inf,inf,inf,inf
911.1564209736059,910.7422074112328,910.3279938488597,909.9137802864866,909.4995667241135,909.0853531617404,908.6711395993673,908.2569260369942,907.8427124746211,907.428498912248,907.0142853498749,906.6000717875017,906.1858582251286,905.7716446627555,905.3574311003824,904.9432175380093,904.5290039756362,904.1147904132631,903.70057685089,inf,inf,inf,inf,inf,inf,inf,inf,inf,inf,inf,inf,inf,inf,inf,inf,inf,inf,inf,inf,inf,inf,inf,inf,inf,inf,inf,inf
912.1564209736059,911.7422074112328,911.3279938488597,910.9137802864866,910.4995667241135,910.0853531617404,909.6711395993673,909.2569260369942,908.8427124746211,908.428498912248,908.0142853498749,907.6000717875017,907.1858582251286,906.7716446627555,906.3574311003824,905.9432175380093,905.5290039756362,905.1147904132631,inf,inf,inf,inf,inf,inf,inf,inf,inf,inf,inf,inf,inf,inf,inf,inf,inf,inf,inf,inf,inf,inf,inf,inf,inf,inf,inf,inf,inf
913.1564209736059,912.7422074112328,912.3279938488597,911.9137802864866,911.4995667241135,911.0853531617404,910.6711395993673,910.2569260369942,909.8427124746211,909.428498912248,909.0142853498749,908.6000717875017,908.1858582251286,907.7716446627555,907.3574311003824,906.9432175380093,906.5290039756362,906.1147904132631,inf,inf,inf,inf,inf,inf,inf,inf,inf,inf,inf,inf,inf,inf,inf,inf,inf,inf,inf,inf,inf,inf,inf,inf,inf,inf,inf,inf,inf
914.1564209736059,913.7422074112328,913.3279938488597,912.9137802864866,912.4995667241135,912.0853531617404,911.6711395993673,911.2569260369942,910.8427124746211,910.428498912248,910.0142853498749,909.6000717875017,909.1858582251286,908.7716446627555,908.3574311003824,907.9432175380093,907.5290039756362,inf,inf,inf,inf,inf,inf,inf,inf,inf,inf,inf,inf,inf,inf,inf,inf,inf,inf,inf,inf,inf,inf,inf,inf,inf,inf,inf,inf,inf,inf
915.1564209736059,914.7422074112328,914.3279938488597,913.9137802864866,913.4995667241135,913.0853531617404,912.6711395993673,912.2569260369942,911.8427124746211,911.428498912248,911.0142853498749,910.6000717875017,910.1858582251286,909.7716446627555,909.3574311003824,908.9432175380093,908.5290039756362,inf,inf,inf,inf,inf,inf,inf,inf,inf,inf,inf,inf,inf,inf,inf,inf,inf,inf,inf,inf,inf,inf,inf,inf,inf,inf,inf,inf,inf,inf
916.1564209736059,915.7422074112328,915.3279938488597,914.9137802864866,914.4995667241135,914.0853531617404,913.6711395993673,913.2569260369942,912.8427124746211,912.428498912248,912.0142853498749,911.6000717875017,911.1858582251286,910.7716446627555,910.3574311003824,909.9432175380093,inf,inf,inf,inf,inf,inf,inf,inf,inf,inf,inf,inf,inf,inf,inf,inf,inf,inf,inf,inf,inf,inf,inf,inf,inf,inf,inf,inf,inf,inf,inf
917.1564209736059,916.7422074112328,916.3279938488597,915.9137802864866,915.4995667241135,915.0853531617404,914.6711395993673,914.2569260369942,913.8427124746211,913.428498912248,913.0142853498749,912.6000717875017,912.1858582251286,911.7716446627555,911.3574311003824,910.9432175380093,inf,inf,inf,inf,inf,inf,inf,inf,inf,inf,inf,inf,inf,inf,inf,inf,inf,inf,inf,inf,inf,inf,inf,inf,inf,inf,inf,inf,inf,inf,inf
918.1564209736059,917.7422074112328,917.3279938488597,916.9137802864866,916.4995667241135,916.0853531617404,915.6711395993673,915.2569260369942,914.8427124746211,914.428498912248,914.0142853498749,913.6000717875017,913.1858582251286,912.7716446627555,912.3574311003824,inf,inf,inf,inf,inf,inf,inf,inf,inf,inf,inf,inf,inf,inf,inf,inf,inf,inf,inf,inf,inf,inf,inf,inf,inf,inf,inf,inf,inf,inf,inf,inf
919.1564209736059,918.7422074112328,918.3279938488597,917.9137802864866,917.4995667241135,917.0853531617404,916.6711395993673,916.2569260369942,915.8427124746211,915.428498912248,915.0142853498749,914.6000717875017,914.1858582251286,913.7716446627555,913.3574311003824,inf,inf,inf,inf,inf,inf,inf,inf,inf,inf,inf,inf,inf,inf,inf,inf,inf,inf,inf,inf,inf,inf,inf,inf,inf,inf,inf,inf,inf,inf,inf,inf
920.1564209736059,919.7422074112328,919.3279938488597,918.9137802864866,918.4995667241135,918.0853531617404,917.6711395993673,917.2569260369942,916.8427124746211,916.428498912248,916.0142853498749,915.6000717875017,915.1858582251286,914.7716446627555,inf,inf,inf,inf,inf,inf,inf,inf,inf,inf,inf,inf,inf,inf,inf,inf,inf,inf,inf,inf,inf,inf,inf,inf,inf,inf,inf,inf,inf,inf,inf,inf,inf
921.1564209736059,920.7422074112328,920.3279938488597,919.9137802864866,919.4995667241135,919.0853531617404,918.6711395993673,918.2569260369942,917.8427124746211,917.428498912248,917.0142853498749,916.6000717875017,916.1858582251286,915.7716446627555,inf,inf,inf,inf,inf,inf,inf,inf,inf,inf,inf,inf,inf,inf,inf,inf,inf,inf,inf,inf,inf,inf,inf,inf,inf,inf,inf,inf,inf,inf,inf,inf,inf
922.1564209736059,921.7422074112328,921.3279938488597,920.9137802864866,920.4995667241135,920.0853531617404,919.6711395993673,919.2569260369942,918.8427124746211,918.428498912248,918.0142853498749,917.6000717875017,917.1858582251286,inf,inf,inf,inf,inf,inf,inf,inf,inf,inf,inf,inf,inf,inf,inf,inf,inf,inf,inf,inf,inf,inf,inf,inf,inf,inf,inf,inf,inf,inf,inf,inf,inf,inf
923.1564209736059,922.7422074112328,922.3279938488597,921.9137802864866,921.4995667241135,921.0853531617404,920.6711395993673,920.2569260369942,919.8427124746211,919.428498912248,919.0142853498749,918.6000717875017,918.1858582251286,inf,inf,inf,inf,inf,inf,inf,inf,inf,inf,inf,inf,inf,inf,inf,inf,inf,inf,inf,inf,inf,inf,inf,inf,inf,inf,inf,inf,inf,inf,inf,inf,inf,inf
924.1564209736059,923.7422074112328,923.3279938488597,922.9137802864866,922.4995667241135,922.0853531617404,921.6711395993673,921.2569260369942,920.8427124746211,920.428498912248,920.0142853498749,919.6000717875017,inf,inf,inf,inf,inf,inf,inf,inf,inf,inf,inf,inf,inf,inf,inf,inf,inf,inf,inf,inf,inf,inf,inf,inf,inf,inf,inf,inf,inf,inf,inf,inf,inf,inf,inf
925.1564209736059,924.7422074112328,924.3279938488597,923.9137802864866,923.4995667241135,923.0853531617404,922.6711395993673,922.2569260369942,921.8427124746211,921.428498912248,921.0142853498749,920.6000717875017,inf,inf,inf,inf,inf,inf,inf,inf,inf,inf,inf,inf,inf,inf,inf,inf,inf,inf,inf,inf,inf,inf,inf,inf,inf,inf,inf,inf,inf,inf,inf,inf,inf,inf,inf
926.1564209736059,925.7422074112328,925.3279938488597,924.9137802864866,924.4995667241135,924.0853531617404,923.6711395993673,923.2569260369942,922.8427124746211,922.428498912248,922.0142853498749,inf,inf,inf,inf,inf,inf,inf,inf,inf,inf,inf,inf,inf,inf,inf,inf,inf,inf,inf,inf,inf,inf,inf,inf,inf,inf,inf,inf,inf,inf,inf,inf,inf,inf,inf,inf
927.1564209736059,926.7422074112328,926.3279938488597,925.9137802864866,925.4995667241135,925.0853531617404,924.6711395993673,924.2569260369942,923.8427124746211,923.428498912248,923.0142853498749,inf,inf,inf,inf,inf,inf,inf,inf,inf,inf,inf,inf,inf,inf,inf,inf,inf,inf,inf,inf,inf,inf,inf,inf,inf,inf,inf,inf,inf,inf,inf,inf,inf,inf,inf,inf
928.1564209736059,927.7422074112328,927.3279938488597,926.9137802864866,926.4995667241135,926.0853531617404,925.6711395993673,925.2569260369942,924.8427124746211,924.428498912248,inf,inf,inf,inf,inf,inf,inf,inf,inf,inf,inf,inf,inf,inf,inf,inf,inf,inf,inf,inf,inf,inf,inf,inf,inf,inf,inf,inf,inf,inf,inf,inf,inf,inf,inf,inf,inf
929.1564209736059,928.7422074112328,928.3279938488597,927.9137802864866,927.4995667241135,927.0853531617404,926.6711395993673,926.2569260369942,925.8427124746211,925.428498912248,inf,inf,inf,inf,inf,inf,inf,inf,inf,inf,inf,inf,inf,inf,inf,inf,inf,inf,inf,inf,inf,inf,inf,inf,inf,inf,inf,inf,inf,inf,inf,inf,inf,inf,inf,inf,inf
930.1564209736059,929.7422074112328,929.3279938488597,928.9137802864866,928.4995667241135,928.0853531617404,927.6711395993673,927.2569260369942,926.8427124746211,inf,inf,inf,inf,inf,inf,inf,inf,inf,inf,inf,inf,inf,inf,inf,inf,inf,inf,inf,inf,inf,inf,inf,inf,inf,inf,inf,inf,inf,inf,inf,inf,inf,inf,inf,inf,inf,inf
931.1564209736059,930.7422074112328,930.3279938488597,929.9137802864866,929.4995667241135,929.0853531617404,928.6711395993673,928.2569260369942,927.8427124746211,inf,inf,inf,inf,inf,inf,inf,inf,inf,inf,inf,inf,inf,inf,inf,inf,inf,inf,inf,inf,inf,inf,inf,inf,inf,inf,inf,inf,inf,inf,inf,inf,inf,inf,inf,inf,inf,inf
932.1564209736059,931.7422074112328,931.3279938488597,930.9137802864866,930.4995667241135,930.0853531617404,929.6711395993673,929.2569260369942,inf,inf,inf,inf,inf,inf,inf,inf,inf,inf,inf,inf,inf,inf,inf,inf,inf,inf,inf,inf,inf,inf,inf,inf,inf,inf,inf,inf,inf,inf,inf,inf,inf,inf,inf,inf,inf,inf,inf
933.1564209736059,932.7422074112328,932.3279938488597,931.9137802864866,931.4995667241135,931.0853531617404,930.6711395993673,inf,inf,inf,inf,inf,inf,inf,inf,inf,inf,inf,inf,inf,inf,inf,inf,inf,inf,inf,inf,inf,inf,inf,inf,inf,inf,inf,inf,inf,inf,inf,inf,inf,inf,inf,inf,inf,inf,inf,inf
934.1564209736059,933.7422074112328,933.3279938488597,932.9137802864866,932.4995667241135,932.0853531617404,931.6711395993673,inf,inf,inf,inf,inf,inf,inf,inf,inf,inf,inf,inf,inf,inf,inf,inf,inf,inf,inf,inf,inf,inf,inf,inf,inf,inf,inf,inf,inf,inf,inf,inf,inf,inf,inf,inf,inf,inf,inf,inf
935.1564209736059,934.7422074112328,934.3279938488597,933.9137802864866,933.4995667241135,933.0853531617404,inf,inf,inf,inf,inf,inf,inf,inf,inf,inf,inf,inf,inf,inf,inf,inf,inf,inf,inf,inf,inf,inf,inf,inf,inf,inf,inf,inf,inf,inf,inf,inf,inf,inf,inf,inf,inf,inf,inf,inf,inf
936.1564209736059,935.7422074112328,935.3279938488597,934.9137802864866,934.4995667241135,934.0853531617404,inf,inf,inf,inf,inf,inf,inf,inf,inf,inf,inf,inf,inf,inf,inf,inf,inf,inf,inf,inf,inf,inf,inf,inf,inf,inf,inf,inf,inf,inf,inf,inf,inf,inf,inf,inf,inf,inf,inf,inf,inf
937.1564209736059,936.7422074112328,936.3279938488597,935.9137802864866,935.4995667241135,inf,inf,inf,inf,inf,inf,inf,inf,inf,inf,inf,inf,inf,inf,inf,inf,inf,inf,inf,inf,inf,inf,inf,inf,inf,inf,inf,inf,inf,inf,inf,inf,inf,inf,inf,inf,inf,inf,inf,inf,inf,inf
938.1564209736059,937.7422074112328,937.3279938488597,936.9137802864866,936.4995667241135,inf,inf,inf,inf,inf,inf,inf,inf,inf,inf,inf,inf,inf,inf,inf,inf,inf,inf,inf,inf,inf,inf,inf,inf,inf,inf,inf,inf,inf,inf,inf,inf,inf,inf,inf,inf,inf,inf,inf,inf,inf,inf
939.1564209736059,938.7422074112328,938.3279938488597,937.9137802864866,inf,inf,inf,inf,inf,inf,inf,inf,inf,inf,inf,inf,inf,inf,inf,inf,inf,inf,inf,inf,inf,inf,inf,inf,inf,inf,inf,inf,inf,inf,inf,inf,inf,inf,inf,inf,inf,inf,inf,inf,inf,inf,inf
940.1564209736059,939.7422074112328,939.3279938488597,938.9137802864866,inf,inf,inf,inf,inf,inf,inf,inf,inf,inf,inf,inf,inf,inf,inf,inf,inf,inf,inf,inf,inf,inf,inf,inf,inf,inf,inf,inf,inf,inf,inf,inf,inf,inf,inf,inf,inf,inf,inf,inf,inf,inf,inf
941.1564209736059,940.7422074112328,940.3279938488597,inf,inf,inf,inf,inf,inf,inf,inf,inf,inf,inf,inf,inf,inf,inf,inf,inf,inf,inf,inf,inf,inf,inf,inf,inf,inf,inf,inf,inf,inf,inf,inf,inf,inf,inf,inf,inf,inf,inf,inf,inf,inf,inf,inf
942.1564209736059,941.7422074112328,941.3279938488597,inf,inf,inf,inf,inf,inf,inf,inf,inf,inf,inf,inf,inf,inf,inf,inf,inf,inf,inf,inf,inf,inf,inf,inf,inf,inf,inf,inf,inf,inf,inf,inf,inf,inf,inf,inf,inf,inf,inf,inf,inf,inf,inf,inf
943.1564209736059,942.7422074112328,inf,inf,inf,inf,inf,inf,inf,inf,inf,inf,inf,inf,inf,inf,inf,inf,inf,inf,inf,inf,inf,inf,inf,inf,inf,inf,inf,inf,inf,inf,inf,inf,inf,inf,inf,inf,inf,inf,inf,inf,inf,inf,inf,inf,inf
944.1564209736059,943.7422074112328,inf,inf,inf,inf,inf,inf,inf,inf,inf,inf,inf,inf,inf,inf,inf,inf,inf,inf,inf,inf,inf,inf,inf,inf,inf,inf,inf,inf,inf,inf,inf,inf,inf,inf,inf,inf,inf,inf,inf,inf,inf,inf,inf,inf,inf
945.1564209736059,inf,inf,inf,inf,inf,inf,inf,inf,inf,inf,inf,inf,inf,inf,inf,inf,inf,inf,inf,inf,inf,inf,inf,inf,inf,inf,inf,inf,inf,inf,inf,inf,inf,inf,inf,inf,inf,inf,inf,inf,inf,inf,inf,inf,inf,inf
946.1564209736059,inf,inf,inf,inf,inf,inf,inf,inf,inf,inf,inf,inf,inf,inf,inf,inf,inf,inf,inf,inf,inf,inf,inf,inf,inf,inf,inf,inf,inf,inf,inf,inf,inf,inf,inf,inf,inf,inf,inf,inf,inf,inf,inf,inf,inf,inf
inf,inf,inf,inf,inf,inf,inf,inf,inf,inf,inf,inf,inf,inf,inf,inf,inf,inf,inf,inf,inf,inf,inf,inf,inf,inf,inf,inf,inf,inf,inf,inf,inf,inf,inf,inf,inf,inf,inf,inf,inf,inf,inf,inf,inf,inf,inf
inf,inf,inf,inf,inf,inf,inf,inf,inf,inf,inf,inf,inf,inf,inf,inf,inf,inf,inf,inf,inf,inf,inf,inf,inf,inf,inf,inf,inf,inf,inf,inf,inf,inf,inf,inf,inf,inf,inf,inf,inf,inf,inf,inf,inf,inf,inf
inf,inf,inf,inf,inf,inf,inf,inf,inf,inf,inf,inf,inf,inf,inf,inf,inf,inf,inf,inf,inf,inf,inf,inf,inf,inf,inf,inf,inf,inf,inf,inf,inf,inf,inf,inf,inf,inf,inf,inf,inf,inf,inf,inf,inf,inf,inf
inf,inf,inf,inf,inf,inf,inf,inf,inf,inf,inf,inf,inf,inf,inf,inf,inf,inf,inf,inf,inf,inf,inf,inf,inf,inf,inf,inf,inf,inf,inf,inf,inf,inf,inf,inf,inf,inf,inf,inf,inf,inf,inf,inf,inf,inf,inf
inf,inf,inf,inf,inf,inf,inf,inf,inf,inf,inf,inf,inf,inf,inf,inf,inf,inf,inf,inf,inf,inf,inf,inf,inf,inf,inf,inf,inf,inf,inf,inf,inf,inf,inf,inf,inf,inf,inf,inf,inf,inf,inf,inf,inf,inf,inf
inf,inf,inf,inf,inf,inf,inf,inf,inf,inf,inf,inf,inf,inf,inf,inf,inf,inf,inf,inf,inf,inf,inf,inf,inf,inf,inf,inf,inf,inf,inf,inf,inf,inf,inf,inf,inf,inf,inf,inf,inf,inf,inf,inf,inf,inf,inf
inf,inf,inf,inf,inf,inf,inf,inf,inf,inf,inf,inf,inf,inf,inf,inf,inf,inf,inf,inf,inf,inf,inf,inf,inf,inf,inf,inf,inf,inf,inf,inf,inf,inf,inf,inf,inf,inf,inf,inf,inf,inf,inf,inf,inf,inf,inf
inf,inf,inf,inf,inf,inf,inf,inf,inf,inf,inf,inf,inf,inf,inf,inf,inf,inf,inf,inf,inf,inf,inf,inf,inf,inf,inf,inf,inf,inf,inf,inf,inf,inf,inf,inf,inf,inf,inf,inf,inf,inf,inf,inf,inf,inf,inf
inf,inf,inf,inf,inf,inf,inf,inf,inf,inf,inf,inf,inf,inf,inf,inf,inf,inf,inf,inf,inf,inf,inf,inf,inf,inf,inf,inf,inf,inf,inf,inf,inf,inf,inf,inf,inf,inf,inf,inf,inf,inf,inf,inf,inf,inf,inf
inf,inf,inf,inf,inf,inf,inf,inf,inf,inf,inf,inf,inf,inf,inf,inf,inf,inf,inf,inf,inf,inf,inf,inf,inf,inf,inf,inf,inf,inf,inf,inf,inf,inf,inf,inf,inf,inf,inf,inf,inf,inf,inf,inf,inf,inf,inf
inf,inf,inf,inf,inf,inf,inf,inf,inf,inf,inf,inf,inf,inf,inf,inf,inf,inf,inf,inf,inf,inf,inf,inf,inf,inf,inf,inf,inf,inf,inf,inf,inf,inf,inf,inf,inf,inf,inf,inf,inf,inf,inf,inf,inf,inf,inf
